"observed_at_utc","elapsed_seconds","current_replicas","desired_replicas","current_cpu_utilization","target_cpu_utilization"
"2026-09-28T13:13:03.0629523Z","0","4","4","61","70"
"2026-09-28T13:13:08.2014100Z","5.1","4","4","61","70"
"2026-09-28T13:13:13.3113729Z","10.3","4","4","61","70"
"2026-09-28T13:13:18.4084397Z","15.4","4","4","61","70"
"2026-09-28T13:13:23.5241730Z","20.5","4","4","61","70"
"2026-09-28T13:13:28.6432616Z","25.6","4","4","61","70"
"2026-09-28T13:13:33.7379148Z","30.7","4","4","61","70"
"2026-09-28T13:13:38.8783826Z","35.8","4","4","60","70"
"2026-09-28T13:13:43.9762691Z","40.9","4","4","60","70"
"2026-09-28T13:13:49.0635414Z","46","4","4","60","70"
"2026-09-28T13:13:54.1662898Z","51.1","4","4","63","70"
"2026-09-28T13:13:59.2566958Z","56.2","4","4","63","70"
"2026-09-28T13:14:04.3645366Z","61.3","4","4","63","70"
"2026-09-28T13:14:09.4866202Z","66.4","4","4","60","70"
"2026-09-28T13:14:14.5897551Z","71.5","4","4","60","70"
"2026-09-28T13:14:19.7118083Z","76.7","4","4","60","70"
"2026-09-28T13:14:24.8008678Z","81.7","4","4","62","70"
"2026-09-28T13:14:29.8841710Z","86.8","4","4","62","70"
"2026-09-28T13:14:34.9865645Z","91.9","4","4","62","70"
"2026-09-28T13:14:40.0832188Z","97","4","4","63","70"
"2026-09-28T13:14:45.1802160Z","102.1","4","4","63","70"
"2026-09-28T13:14:50.2693792Z","107.2","4","4","63","70"
"2026-09-28T13:14:55.3747062Z","112.3","4","4","63","70"
"2026-09-28T13:15:00.4640885Z","117.4","4","4","63","70"
"2026-09-28T13:15:05.5584103Z","122.5","4","4","63","70"
"2026-09-28T13:15:10.6651218Z","127.6","4","4","63","70"
"2026-09-28T13:15:15.7916970Z","132.7","4","4","63","70"
"2026-09-28T13:15:20.8968448Z","137.8","4","4","63","70"
"2026-09-28T13:15:26.0044160Z","142.9","4","4","64","70"
"2026-09-28T13:15:31.1257772Z","148.1","4","4","64","70"
"2026-09-28T13:15:36.2495353Z","153.2","4","4","64","70"
"2026-09-28T13:15:41.3741915Z","158.3","4","4","64","70"
"2026-09-28T13:15:46.4714179Z","163.4","4","4","64","70"
"2026-09-28T13:15:51.5754023Z","168.5","4","4","64","70"
"2026-09-28T13:15:56.6851407Z","173.6","4","4","64","70"
"2026-09-28T13:16:01.7916033Z","178.7","4","4","64","70"
"2026-09-28T13:16:06.9178270Z","183.9","4","4","64","70"
"2026-09-28T13:16:12.0445196Z","189","4","4","64","70"
"2026-09-28T13:16:17.1371772Z","194.1","4","4","64","70"
"2026-09-28T13:16:22.2628094Z","199.2","4","4","67","70"
"2026-09-28T13:16:27.3770305Z","204.3","4","4","67","70"
"2026-09-28T13:16:32.4828118Z","209.4","4","4","67","70"
"2026-09-28T13:16:37.5865745Z","214.5","4","4","65","70"
"2026-09-28T13:16:42.6756771Z","219.6","4","4","65","70"
"2026-09-28T13:16:47.7656611Z","224.7","4","4","65","70"
"2026-09-28T13:16:52.9004297Z","229.8","4","4","65","70"
"2026-09-28T13:16:57.9906223Z","234.9","4","4","65","70"
"2026-09-28T13:17:03.0957451Z","240","4","4","65","70"
"2026-09-28T13:17:08.2586301Z","245.2","4","4","66","70"
"2026-09-28T13:17:13.3901510Z","250.3","4","4","66","70"
"2026-09-28T13:17:18.4851843Z","255.4","4","4","66","70"
"2026-09-28T13:17:23.5734841Z","260.5","4","4","66","70"
"2026-09-28T13:17:28.6785568Z","265.6","4","4","66","70"
"2026-09-28T13:17:33.7877848Z","270.7","4","4","66","70"
"2026-09-28T13:17:38.8863200Z","275.8","4","4","65","70"
"2026-09-28T13:17:43.9707382Z","280.9","4","4","65","70"
"2026-09-28T13:17:49.0572820Z","286","4","4","65","70"
"2026-09-28T13:17:54.1461675Z","291.1","4","4","68","70"
"2026-09-28T13:17:59.2331804Z","296.2","4","4","68","70"
"2026-09-28T13:18:04.3226812Z","301.3","4","4","68","70"
"2026-09-28T13:18:09.4184762Z","306.4","4","4","68","70"
"2026-09-28T13:18:14.5074899Z","311.5","4","4","68","70"
"2026-09-28T13:18:19.6170187Z","316.6","4","4","68","70"
"2026-09-28T13:18:24.7225529Z","321.7","4","4","68","70"
"2026-09-28T13:18:29.8254709Z","326.8","4","4","68","70"
"2026-09-28T13:18:34.9072279Z","331.9","4","4","68","70"
"2026-09-28T13:18:40.0007929Z","336.9","4","4","69","70"
"2026-09-28T13:18:45.0862652Z","342","4","4","69","70"
"2026-09-28T13:18:50.1732202Z","347.1","4","4","69","70"
"2026-09-28T13:18:55.2673911Z","352.2","4","4","72","70"
"2026-09-28T13:19:00.3526127Z","357.3","4","4","72","70"
"2026-09-28T13:19:05.4561439Z","362.4","4","4","72","70"
"2026-09-28T13:19:10.5533331Z","367.5","4","4","71","70"
"2026-09-28T13:19:15.6369687Z","372.6","4","4","71","70"
"2026-09-28T13:19:20.7206912Z","377.7","4","4","71","70"
"2026-09-28T13:19:25.8080819Z","382.8","4","4","72","70"
"2026-09-28T13:19:30.8890840Z","387.8","4","4","72","70"
"2026-09-28T13:19:35.9745715Z","392.9","4","4","72","70"
"2026-09-28T13:19:41.0557966Z","398","4","4","73","70"
"2026-09-28T13:19:46.1433410Z","403.1","4","4","73","70"
"2026-09-28T13:19:51.2234005Z","408.2","4","4","73","70"
"2026-09-28T13:19:56.3117891Z","413.3","4","4","74","70"
"2026-09-28T13:20:01.3917762Z","418.3","4","4","74","70"
"2026-09-28T13:20:06.4856204Z","423.4","4","4","74","70"
"2026-09-28T13:20:11.5906049Z","428.5","4","4","74","70"
"2026-09-28T13:20:16.6998754Z","433.6","4","4","74","70"
"2026-09-28T13:20:21.8108613Z","438.8","4","4","76","70"
"2026-09-28T13:20:26.9086411Z","443.9","4","4","76","70"
"2026-09-28T13:20:32.0033866Z","448.9","4","4","76","70"
"2026-09-28T13:20:37.0999258Z","454","4","5","82","70"
"2026-09-28T13:20:42.2172740Z","459.2","4","5","82","70"
"2026-09-28T13:20:47.3179753Z","464.3","4","5","82","70"
"2026-09-28T13:20:52.4110461Z","469.4","5","5","81","70"
"2026-09-28T13:20:57.5180788Z","474.5","5","5","81","70"
"2026-09-28T13:21:02.6362555Z","479.6","5","5","81","70"
"2026-09-28T13:21:07.7378646Z","484.7","5","5","78","70"
"2026-09-28T13:21:12.8456182Z","489.8","5","5","78","70"
"2026-09-28T13:21:17.9547784Z","494.9","5","5","78","70"
"2026-09-28T13:21:23.0597225Z","500","5","5","73","70"
"2026-09-28T13:21:28.1687027Z","505.1","5","5","73","70"
"2026-09-28T13:21:33.2538056Z","510.2","5","5","73","70"
"2026-09-28T13:21:38.3683992Z","515.3","5","5","65","70"
"2026-09-28T13:21:43.4593628Z","520.4","5","5","65","70"
"2026-09-28T13:21:48.5516811Z","525.5","5","5","65","70"
"2026-09-28T13:21:53.6446173Z","530.6","5","5","64","70"
"2026-09-28T13:21:58.7555019Z","535.7","5","5","64","70"
"2026-09-28T13:22:03.8802562Z","540.8","5","5","64","70"
"2026-09-28T13:22:08.9896700Z","545.9","5","5","66","70"
"2026-09-28T13:22:14.1092044Z","551.1","5","5","66","70"
"2026-09-28T13:22:19.2068618Z","556.2","5","5","66","70"
"2026-09-28T13:22:24.3021952Z","561.2","5","5","66","70"
"2026-09-28T13:22:29.3981660Z","566.3","5","5","66","70"
"2026-09-28T13:22:34.5688173Z","571.5","5","5","66","70"
"2026-09-28T13:22:39.6720193Z","576.6","5","5","66","70"
"2026-09-28T13:22:44.7709594Z","581.7","5","5","66","70"
"2026-09-28T13:22:49.8706712Z","586.8","5","5","66","70"
"2026-09-28T13:22:54.9681233Z","591.9","5","5","67","70"
"2026-09-28T13:23:00.0749725Z","597","5","5","67","70"
"2026-09-28T13:23:05.1758374Z","602.1","5","5","67","70"
"2026-09-28T13:23:10.2815885Z","607.2","5","5","69","70"
"2026-09-28T13:23:15.3782092Z","612.3","5","5","69","70"
"2026-09-28T13:23:20.4871060Z","617.4","5","5","69","70"
"2026-09-28T13:23:25.5983378Z","622.5","5","5","68","70"
"2026-09-28T13:23:30.6870722Z","627.6","5","5","68","70"
"2026-09-28T13:23:35.8380740Z","632.8","5","5","68","70"
"2026-09-28T13:23:40.9430666Z","637.9","5","5","70","70"
"2026-09-28T13:23:46.0566607Z","643","5","5","70","70"
"2026-09-28T13:23:51.1882599Z","648.1","5","5","70","70"
"2026-09-28T13:23:56.2880151Z","653.2","5","5","69","70"
"2026-09-28T13:24:01.3861517Z","658.3","5","5","69","70"
"2026-09-28T13:24:06.4730631Z","663.4","5","5","69","70"
"2026-09-28T13:24:11.5704892Z","668.5","5","5","70","70"
"2026-09-28T13:24:16.6546390Z","673.6","5","5","70","70"
"2026-09-28T13:24:21.7560305Z","678.7","5","5","70","70"
"2026-09-28T13:24:26.8547782Z","683.8","5","5","71","70"
"2026-09-28T13:24:31.9472066Z","688.9","5","5","71","70"
"2026-09-28T13:24:37.0634438Z","694","5","5","72","70"
"2026-09-28T13:24:42.1706835Z","699.1","5","5","72","70"
"2026-09-28T13:24:47.2784473Z","704.2","5","5","72","70"
"2026-09-28T13:24:52.3625724Z","709.3","5","5","73","70"
"2026-09-28T13:24:57.4975329Z","714.4","5","5","73","70"
"2026-09-28T13:25:02.6046955Z","719.5","5","5","73","70"
"2026-09-28T13:25:07.7163069Z","724.7","5","5","69","70"
"2026-09-28T13:25:12.8222587Z","729.8","5","5","69","70"
"2026-09-28T13:25:17.9235695Z","734.9","5","5","69","70"
"2026-09-28T13:25:23.0214901Z","740","5","5","69","70"
"2026-09-28T13:25:28.1242649Z","745.1","5","5","69","70"
"2026-09-28T13:25:33.2275479Z","750.2","5","5","69","70"
"2026-09-28T13:25:38.3354652Z","755.3","5","5","72","70"
"2026-09-28T13:25:43.4444900Z","760.4","5","5","72","70"
"2026-09-28T13:25:48.5402733Z","765.5","5","5","72","70"
"2026-09-28T13:25:53.6370606Z","770.6","5","5","65","70"
"2026-09-28T13:25:58.7678146Z","775.7","5","5","65","70"
